{"global_step": 7530, "_timestamp": 1668946312.0352151, "train/actor_loss": 11.188154220581055, "rollout/ep_rew_mean": -54.279998779296875, "train/critic_loss": 22.75763702392578, "time/fps": 75.0, "rollout/success_rate": 0.0, "train/learning_rate": 0.0010000000474974513, "rollout/ep_len_mean": 47.279998779296875, "_runtime": 108.68612718582153, "_step": 45, "eval/mean_ep_length": 49.02000045776367, "eval/success_rate": 0.019999999552965164, "eval/mean_reward": -49.0, "_wandb": {"runtime": 111}}