{"global_step": 340506, "_timestamp": 1668956462.1292975, "train/learning_rate": 0.0010000000474974513, "rollout/ep_rew_mean": -48.63999938964844, "train/actor_loss": -15.997319221496582, "train/critic_loss": 19.998231887817383, "rollout/ep_len_mean": 48.66999816894531, "rollout/success_rate": 0.029999999329447746, "time/fps": 70.0, "_runtime": 4804.877560377121, "_step": 2274, "eval/mean_ep_length": 48.15999984741211, "eval/success_rate": 0.03999999910593033, "eval/mean_reward": -48.119998931884766, "_wandb": {"runtime": 4804}}