{"global_step": 320000, "_timestamp": 1668939970.32058, "rollout/ep_len_mean": 9.670000076293945, "rollout/success_rate": 0.949999988079071, "rollout/ep_rew_mean": -8.720000267028809, "time/fps": 78.0, "_runtime": 6511.320858001709, "_step": 6805, "train/critic_loss": 11.936927795410156, "train/actor_loss": 19.702228546142578, "train/learning_rate": 0.0010000000474974513, "eval/mean_ep_length": 6.380000114440918, "eval/success_rate": 1.0, "eval/mean_reward": -5.380000114440918, "TD3_2/global_step": 207112, "TD3_2/rollout/ep_len_mean": 11.100000381469727, "TD3_2/rollout/success_rate": 0.9399999976158142, "TD3_2/rollout/ep_rew_mean": -10.15999984741211, "TD3_2/time/fps": 85.0, "TD3_2/train/learning_rate": 0.0010000000474974513, "TD3_2/train/critic_loss": 59.568477630615234, "TD3_2/train/actor_loss": 14.398921012878418, "TD3_2/eval/mean_ep_length": 9.619999885559082, "TD3_2/eval/success_rate": 0.8399999737739563, "TD3_2/eval/mean_reward": -16.780000686645508, "_wandb": {"runtime": 6511}}