{"global_step": 399899, "_timestamp": 1667926460.4141579, "rollout/ep_rew_mean": -9.859999656677246, "rollout/success_rate": 0.9100000262260437, "time/fps": 61.0, "rollout/ep_len_mean": 10.770000457763672, "_runtime": 6548.419949769974, "_step": 5152, "train/learning_rate": 0.0010000000474974513, "train/critic_loss": 20.47933578491211, "train/actor_loss": 3.7540841102600098, "_wandb": {"runtime": 6549}}