{"global_step": 302536, "_timestamp": 1668951569.244747, "train/actor_loss": -136.27828979492188, "train/learning_rate": 0.0010000000474974513, "rollout/success_rate": 0.07000000029802322, "rollout/ep_rew_mean": -46.97999954223633, "time/fps": 63.0, "train/critic_loss": 1105.006103515625, "rollout/ep_len_mean": 47.04999923706055, "_runtime": 4795.78045797348, "_step": 1923, "eval/mean_ep_length": 49.099998474121094, "eval/success_rate": 0.03999999910593033, "eval/mean_reward": -49.060001373291016, "_wandb": {"runtime": 4797}}