{"global_step": 280281, "_timestamp": 1683543386.8773155, "train/std": 0.0382855124771595, "rollout/ep_rew_mean": -26.93000030517578, "rollout/ep_len_mean": 17.829999923706055, "rollout/success_rate": 0.8999999761581421, "time/fps": 17.0, "_runtime": 15965.032453536987, "_step": 3120, "eval/mean_ep_length": 16.700000762939453, "eval/success_rate": 0.8500000238418579, "eval/mean_reward": -30.850000381469727, "train/ent_coef": 0.012032262049615383, "train/learning_rate": 0.0007300000288523734, "train/critic_loss": 0.15535038709640503, "train/ent_coef_loss": -1.6262288093566895, "train/actor_loss": 4.119803428649902, "_wandb": {"runtime": 15967}}